{"v":"4.8.0","meta":{"g":"LottieFiles AE 3.0.2","a":"","k":"","d":"","tc":"#FFFFFF"},"fr":30,"ip":0,"op":91,"w":400,"h":400,"nm":"Glassmorphism ","ddd":0,"assets":[],"layers":[{"ddd":0,"ind":1,"ty":4,"nm":"1_2","sr":1,"ks":{"o":{"a":0,"k":100,"ix":11},"r":{"a":0,"k":0,"ix":10},"p":{"a":1,"k":[{"i":{"x":0.667,"y":0.433},"o":{"x":0.333,"y":0},"t":0,"s":[102.715,297.285,0],"to":[-4.613,-4.613,0],"ti":[-53.729,53.729,0]},{"i":{"x":0.667,"y":0.644},"o":{"x":0.333,"y":0.313},"t":29,"s":[191.647,191.647,0],"to":[53.729,-53.729,0],"ti":[-4.613,-4.613,0]},{"i":{"x":0.667,"y":0.687},"o":{"x":0.333,"y":0.356},"t":45,"s":[297.285,102.715,0],"to":[4.613,4.613,0],"ti":[53.729,-53.729,0]},{"i":{"x":0.667,"y":1},"o":{"x":0.333,"y":0.567},"t":61,"s":[208.353,208.353,0],"to":[-53.729,53.729,0],"ti":[4.613,4.613,0]},{"t":90,"s":[102.715,297.285,0]}],"ix":2},"a":{"a":0,"k":[-74.952,53.316,0],"ix":1},"s":{"a":0,"k":[100,100,100],"ix":6}},"ao":0,"shapes":[{"ty":"gr","it":[{"ind":0,"ty":"sh","ix":1,"ks":{"a":0,"k":{"i":[[21.951,5.472],[8.871,-5.124],[2.797,-11.226],[-15.421,-8.905],[-3.805,-0.949],[-5.472,21.95],[0,0]],"o":[[-10.724,-2.674],[-9.284,5.363],[-4.524,18.143],[3.236,1.868],[21.953,5.472],[0,0],[5.472,-21.952]],"v":[[-65.046,13.568],[-95.428,17.85],[-114.694,43.408],[-95.448,88.782],[-84.867,93.062],[-35.208,63.227],[-35.21,63.227]],"c":true},"ix":2},"nm":"Path 1","mn":"ADBE Vector Shape - Group","hd":false},{"ty":"gf","o":{"a":0,"k":100,"ix":10},"r":1,"bm":0,"g":{"p":3,"k":{"a":0,"k":[0,1,0.5569,0.2275,0.5,0.9966,0.6151,0.3234,1,0.997,0.6604,0.403],"ix":9}},"s":{"a":0,"k":[-116,94.5],"ix":5},"e":{"a":0,"k":[-34.5,13],"ix":6},"t":1,"nm":"Gradient Fill 1","mn":"ADBE Vector Graphic - G-Fill","hd":false},{"ty":"tr","p":{"a":0,"k":[0,0],"ix":2},"a":{"a":0,"k":[0,0],"ix":1},"s":{"a":0,"k":[100,100],"ix":3},"r":{"a":0,"k":0,"ix":6},"o":{"a":0,"k":100,"ix":7},"sk":{"a":0,"k":0,"ix":4},"sa":{"a":0,"k":0,"ix":5},"nm":"Transform"}],"nm":"Group 1","np":2,"cix":2,"bm":0,"ix":1,"mn":"ADBE Vector Group","hd":false}],"ip":46,"op":150,"st":0,"bm":0},{"ddd":0,"ind":2,"ty":4,"nm":"matt_stock 2","td":1,"sr":1,"ks":{"o":{"a":0,"k":100,"ix":11},"r":{"a":0,"k":0,"ix":10},"p":{"a":0,"k":[200,200,0],"ix":2},"a":{"a":0,"k":[0,0,0],"ix":1},"s":{"a":0,"k":[100,100,100],"ix":6}},"ao":0,"shapes":[{"ty":"gr","it":[{"ind":0,"ty":"sh","ix":1,"ks":{"a":0,"k":{"i":[[44.155,11.008],[17.844,-10.308],[5.626,-22.58],[-31.02,-17.912],[-7.655,-1.909],[-11.008,44.153],[0,0]],"o":[[-21.571,-5.379],[-18.674,10.787],[-9.101,36.493],[6.508,3.758],[44.158,11.008],[0,0],[11.008,-44.155]],"v":[[19.926,-79.954],[-41.187,-71.34],[-79.941,-19.931],[-41.227,71.339],[-19.944,79.949],[79.943,19.936],[79.941,19.936]],"c":true},"ix":2},"nm":"Path 1","mn":"ADBE Vector Shape - Group","hd":false},{"ty":"gf","o":{"a":0,"k":100,"ix":10},"r":1,"bm":0,"g":{"p":3,"k":{"a":0,"k":[0,0.9703,0.902,0.8497,0.577,0.9424,0.8717,0.8176,1,0.9202,0.852,0.7998],"ix":9}},"s":{"a":0,"k":[-81.954,0.353],"ix":5},"e":{"a":0,"k":[82.861,0.353],"ix":6},"t":1,"nm":"Gradient Fill 1","mn":"ADBE Vector Graphic - G-Fill","hd":false},{"ty":"tr","p":{"a":0,"k":[0,0],"ix":2},"a":{"a":0,"k":[0,0],"ix":1},"s":{"a":0,"k":[100,100],"ix":3},"r":{"a":0,"k":0,"ix":6},"o":{"a":0,"k":100,"ix":7},"sk":{"a":0,"k":0,"ix":4},"sa":{"a":0,"k":0,"ix":5},"nm":"Transform"}],"nm":"Group 1","np":2,"cix":2,"bm":0,"ix":1,"mn":"ADBE Vector Group","hd":false}],"ip":46,"op":153,"st":46,"bm":0},{"ddd":0,"ind":3,"ty":4,"nm":"stock_2","tt":1,"sr":1,"ks":{"o":{"a":0,"k":29,"ix":11},"r":{"a":0,"k":0,"ix":10},"p":{"a":0,"k":[-223.512,200,0],"ix":2},"a":{"a":0,"k":[0,0,0],"ix":1},"s":{"a":0,"k":[100,100,100],"ix":6}},"ao":0,"shapes":[{"ty":"gr","it":[{"ind":0,"ty":"sh","ix":1,"ks":{"a":0,"k":{"i":[[44.155,11.008],[17.844,-10.308],[5.626,-22.58],[-31.02,-17.912],[-7.655,-1.909],[-11.008,44.153],[0,0]],"o":[[-21.571,-5.379],[-18.674,10.787],[-9.101,36.493],[6.508,3.758],[44.158,11.008],[0,0],[11.008,-44.155]],"v":[[443.438,-79.954],[382.326,-71.34],[343.571,-19.931],[382.285,71.339],[403.568,79.949],[503.456,19.936],[503.453,19.936]],"c":true},"ix":2},"nm":"Path 1","mn":"ADBE Vector Shape - Group","hd":false},{"ty":"st","c":{"a":0,"k":[0.9145,0.8414,0.7855,1],"ix":3},"o":{"a":0,"k":100,"ix":4},"w":{"a":0,"k":6,"ix":5},"lc":1,"lj":1,"ml":10,"bm":0,"nm":"Stroke 1","mn":"ADBE Vector Graphic - Stroke","hd":false},{"ty":"tr","p":{"a":0,"k":[0,0],"ix":2},"a":{"a":0,"k":[0,0],"ix":1},"s":{"a":0,"k":[100,100],"ix":3},"r":{"a":0,"k":0,"ix":6},"o":{"a":0,"k":100,"ix":7},"sk":{"a":0,"k":0,"ix":4},"sa":{"a":0,"k":0,"ix":5},"nm":"Transform"}],"nm":"Group 1","np":2,"cix":2,"bm":0,"ix":1,"mn":"ADBE Vector Group","hd":false}],"ip":46,"op":150,"st":0,"bm":0},{"ddd":0,"ind":4,"ty":4,"nm":"glass_2","sr":1,"ks":{"o":{"a":0,"k":40,"ix":11},"r":{"a":0,"k":0,"ix":10},"p":{"a":0,"k":[200,200,0],"ix":2},"a":{"a":0,"k":[0,0,0],"ix":1},"s":{"a":0,"k":[100,100,100],"ix":6}},"ao":0,"shapes":[{"ty":"gr","it":[{"ind":0,"ty":"sh","ix":1,"ks":{"a":0,"k":{"i":[[44.155,11.008],[17.844,-10.308],[5.626,-22.58],[-31.02,-17.912],[-7.655,-1.909],[-11.008,44.153],[0,0]],"o":[[-21.571,-5.379],[-18.674,10.787],[-9.101,36.493],[6.508,3.758],[44.158,11.008],[0,0],[11.008,-44.155]],"v":[[19.926,-79.954],[-41.187,-71.34],[-79.941,-19.931],[-41.227,71.339],[-19.944,79.949],[79.943,19.936],[79.941,19.936]],"c":true},"ix":2},"nm":"Path 1","mn":"ADBE Vector Shape - Group","hd":false},{"ty":"gf","o":{"a":0,"k":100,"ix":10},"r":1,"bm":0,"g":{"p":3,"k":{"a":0,"k":[0,0.9703,0.902,0.8497,0.577,0.9424,0.8717,0.8176,1,0.9202,0.852,0.7998],"ix":9}},"s":{"a":0,"k":[-81.954,0.353],"ix":5},"e":{"a":0,"k":[82.861,0.353],"ix":6},"t":1,"nm":"Gradient Fill 1","mn":"ADBE Vector Graphic - G-Fill","hd":false},{"ty":"tr","p":{"a":0,"k":[0,0],"ix":2},"a":{"a":0,"k":[0,0],"ix":1},"s":{"a":0,"k":[100,100],"ix":3},"r":{"a":0,"k":0,"ix":6},"o":{"a":0,"k":100,"ix":7},"sk":{"a":0,"k":0,"ix":4},"sa":{"a":0,"k":0,"ix":5},"nm":"Transform"}],"nm":"Group 1","np":2,"cix":2,"bm":0,"ix":1,"mn":"ADBE Vector Group","hd":false}],"ip":46,"op":150,"st":0,"bm":0},{"ddd":0,"ind":5,"ty":4,"nm":"matte 5","td":1,"sr":1,"ks":{"o":{"a":0,"k":100,"ix":11},"r":{"a":0,"k":0,"ix":10},"p":{"a":0,"k":[200,200,0],"ix":2},"a":{"a":0,"k":[0,0,0],"ix":1},"s":{"a":0,"k":[100,100,100],"ix":6}},"ao":0,"shapes":[{"ty":"gr","it":[{"ind":0,"ty":"sh","ix":1,"ks":{"a":0,"k":{"i":[[44.155,11.008],[17.844,-10.308],[5.626,-22.58],[-31.02,-17.912],[-7.655,-1.909],[-11.008,44.153],[0,0]],"o":[[-21.571,-5.379],[-18.674,10.787],[-9.101,36.493],[6.508,3.758],[44.158,11.008],[0,0],[11.008,-44.155]],"v":[[19.926,-79.954],[-41.187,-71.34],[-79.941,-19.931],[-41.227,71.339],[-19.944,79.949],[79.943,19.936],[79.941,19.936]],"c":true},"ix":2},"nm":"Path 1","mn":"ADBE Vector Shape - Group","hd":false},{"ty":"gf","o":{"a":0,"k":100,"ix":10},"r":1,"bm":0,"g":{"p":3,"k":{"a":0,"k":[0,0.9703,0.902,0.8497,0.577,0.9424,0.8717,0.8176,1,0.9202,0.852,0.7998],"ix":9}},"s":{"a":0,"k":[-81.954,0.353],"ix":5},"e":{"a":0,"k":[82.861,0.353],"ix":6},"t":1,"nm":"Gradient Fill 1","mn":"ADBE Vector Graphic - G-Fill","hd":false},{"ty":"tr","p":{"a":0,"k":[0,0],"ix":2},"a":{"a":0,"k":[0,0],"ix":1},"s":{"a":0,"k":[100,100],"ix":3},"r":{"a":0,"k":0,"ix":6},"o":{"a":0,"k":100,"ix":7},"sk":{"a":0,"k":0,"ix":4},"sa":{"a":0,"k":0,"ix":5},"nm":"Transform"}],"nm":"Group 1","np":2,"cix":2,"bm":0,"ix":1,"mn":"ADBE Vector Group","hd":false}],"ip":46,"op":153,"st":46,"bm":0},{"ddd":0,"ind":6,"ty":4,"nm":"glow","tt":1,"sr":1,"ks":{"o":{"a":0,"k":100,"ix":11},"r":{"a":0,"k":0,"ix":10},"p":{"a":1,"k":[{"i":{"x":0.667,"y":0.433},"o":{"x":0.333,"y":0},"t":0,"s":[297.285,102.715,0],"to":[4.613,4.613,0],"ti":[53.729,-53.729,0]},{"i":{"x":0.667,"y":0.644},"o":{"x":0.333,"y":0.313},"t":29,"s":[208.353,208.353,0],"to":[-53.729,53.729,0],"ti":[4.613,4.613,0]},{"i":{"x":0.667,"y":0.687},"o":{"x":0.333,"y":0.356},"t":45,"s":[102.715,297.285,0],"to":[-4.613,-4.613,0],"ti":[-53.729,53.729,0]},{"i":{"x":0.667,"y":1},"o":{"x":0.333,"y":0.567},"t":61,"s":[191.647,191.647,0],"to":[53.729,-53.729,0],"ti":[-4.613,-4.613,0]},{"t":90,"s":[297.285,102.715,0]}],"ix":2},"a":{"a":0,"k":[85.391,-54.032,0],"ix":1},"s":{"a":0,"k":[100,100,100],"ix":6}},"ao":0,"ef":[{"ty":29,"nm":"Gaussian Blur","np":5,"mn":"ADBE Gaussian Blur 2","ix":1,"en":1,"ef":[{"ty":0,"nm":"Blurriness","mn":"ADBE Gaussian Blur 2-0001","ix":1,"v":{"a":0,"k":21.3,"ix":1}},{"ty":7,"nm":"Blur Dimensions","mn":"ADBE Gaussian Blur 2-0002","ix":2,"v":{"a":0,"k":1,"ix":2}},{"ty":7,"nm":"Repeat Edge Pixels","mn":"ADBE Gaussian Blur 2-0003","ix":3,"v":{"a":0,"k":0,"ix":3}}]}],"shapes":[{"ty":"gr","it":[{"ind":0,"ty":"sh","ix":1,"ks":{"a":0,"k":{"i":[[21.951,5.472],[8.871,-5.124],[2.797,-11.226],[-15.421,-8.905],[-3.805,-0.949],[-5.472,21.95],[0,0]],"o":[[-10.724,-2.674],[-9.284,5.363],[-4.524,18.143],[3.236,1.868],[21.953,5.472],[0,0],[5.472,-21.952]],"v":[[95.296,-93.781],[64.915,-89.498],[45.648,-63.941],[64.895,-18.566],[75.475,-14.286],[125.134,-44.121],[125.133,-44.121]],"c":true},"ix":2},"nm":"Path 1","mn":"ADBE Vector Shape - Group","hd":false},{"ty":"gf","o":{"a":0,"k":100,"ix":10},"r":1,"bm":0,"g":{"p":3,"k":{"a":0,"k":[0,0.946,0.4972,0.154,0.5,0.2104,0.8496,0.7431,1,0,0.7569,0.6353],"ix":9}},"s":{"a":0,"k":[51.5,-19],"ix":5},"e":{"a":0,"k":[159,-133],"ix":6},"t":1,"nm":"Gradient Fill 1","mn":"ADBE Vector Graphic - G-Fill","hd":false},{"ty":"tr","p":{"a":0,"k":[0,0],"ix":2},"a":{"a":0,"k":[0,0],"ix":1},"s":{"a":0,"k":[100,100],"ix":3},"r":{"a":0,"k":0,"ix":6},"o":{"a":0,"k":100,"ix":7},"sk":{"a":0,"k":0,"ix":4},"sa":{"a":0,"k":0,"ix":5},"nm":"Transform"}],"nm":"Group 1","np":2,"cix":2,"bm":0,"ix":1,"mn":"ADBE Vector Group","hd":false}],"ip":46,"op":150,"st":0,"bm":0},{"ddd":0,"ind":7,"ty":4,"nm":"matte 4","td":1,"sr":1,"ks":{"o":{"a":0,"k":100,"ix":11},"r":{"a":0,"k":0,"ix":10},"p":{"a":0,"k":[200,200,0],"ix":2},"a":{"a":0,"k":[0,0,0],"ix":1},"s":{"a":0,"k":[100,100,100],"ix":6}},"ao":0,"shapes":[{"ty":"gr","it":[{"ind":0,"ty":"sh","ix":1,"ks":{"a":0,"k":{"i":[[44.155,11.008],[17.844,-10.308],[5.626,-22.58],[-31.02,-17.912],[-7.655,-1.909],[-11.008,44.153],[0,0]],"o":[[-21.571,-5.379],[-18.674,10.787],[-9.101,36.493],[6.508,3.758],[44.158,11.008],[0,0],[11.008,-44.155]],"v":[[19.926,-79.954],[-41.187,-71.34],[-79.941,-19.931],[-41.227,71.339],[-19.944,79.949],[79.943,19.936],[79.941,19.936]],"c":true},"ix":2},"nm":"Path 1","mn":"ADBE Vector Shape - Group","hd":false},{"ty":"gf","o":{"a":0,"k":100,"ix":10},"r":1,"bm":0,"g":{"p":3,"k":{"a":0,"k":[0,0.9703,0.902,0.8497,0.577,0.9424,0.8717,0.8176,1,0.9202,0.852,0.7998],"ix":9}},"s":{"a":0,"k":[-81.954,0.353],"ix":5},"e":{"a":0,"k":[82.861,0.353],"ix":6},"t":1,"nm":"Gradient Fill 1","mn":"ADBE Vector Graphic - G-Fill","hd":false},{"ty":"tr","p":{"a":0,"k":[0,0],"ix":2},"a":{"a":0,"k":[0,0],"ix":1},"s":{"a":0,"k":[100,100],"ix":3},"r":{"a":0,"k":0,"ix":6},"o":{"a":0,"k":100,"ix":7},"sk":{"a":0,"k":0,"ix":4},"sa":{"a":0,"k":0,"ix":5},"nm":"Transform"}],"nm":"Group 1","np":2,"cix":2,"bm":0,"ix":1,"mn":"ADBE Vector Group","hd":false}],"ip":46,"op":153,"st":46,"bm":0},{"ddd":0,"ind":8,"ty":4,"nm":"2_2","tt":2,"sr":1,"ks":{"o":{"a":0,"k":100,"ix":11},"r":{"a":0,"k":0,"ix":10},"p":{"a":1,"k":[{"i":{"x":0.667,"y":0.433},"o":{"x":0.333,"y":0},"t":0,"s":[297.285,102.715,0],"to":[4.613,4.613,0],"ti":[53.729,-53.729,0]},{"i":{"x":0.667,"y":0.644},"o":{"x":0.333,"y":0.313},"t":29,"s":[208.353,208.353,0],"to":[-53.729,53.729,0],"ti":[4.613,4.613,0]},{"i":{"x":0.667,"y":0.687},"o":{"x":0.333,"y":0.356},"t":45,"s":[102.715,297.285,0],"to":[-4.613,-4.613,0],"ti":[-53.729,53.729,0]},{"i":{"x":0.667,"y":1},"o":{"x":0.333,"y":0.567},"t":61,"s":[191.647,191.647,0],"to":[53.729,-53.729,0],"ti":[-4.613,-4.613,0]},{"t":90,"s":[297.285,102.715,0]}],"ix":2},"a":{"a":0,"k":[85.391,-54.032,0],"ix":1},"s":{"a":0,"k":[100,100,100],"ix":6}},"ao":0,"shapes":[{"ty":"gr","it":[{"ind":0,"ty":"sh","ix":1,"ks":{"a":0,"k":{"i":[[21.951,5.472],[8.871,-5.124],[2.797,-11.226],[-15.421,-8.905],[-3.805,-0.949],[-5.472,21.95],[0,0]],"o":[[-10.724,-2.674],[-9.284,5.363],[-4.524,18.143],[3.236,1.868],[21.953,5.472],[0,0],[5.472,-21.952]],"v":[[95.296,-93.781],[64.915,-89.498],[45.648,-63.941],[64.895,-18.566],[75.475,-14.286],[125.134,-44.121],[125.133,-44.121]],"c":true},"ix":2},"nm":"Path 1","mn":"ADBE Vector Shape - Group","hd":false},{"ty":"gf","o":{"a":0,"k":100,"ix":10},"r":1,"bm":0,"g":{"p":3,"k":{"a":0,"k":[0,0.946,0.4972,0.154,0.5,0.2104,0.8496,0.7431,1,0,0.7569,0.6353],"ix":9}},"s":{"a":0,"k":[51.5,-19],"ix":5},"e":{"a":0,"k":[159,-133],"ix":6},"t":1,"nm":"Gradient Fill 1","mn":"ADBE Vector Graphic - G-Fill","hd":false},{"ty":"tr","p":{"a":0,"k":[0,0],"ix":2},"a":{"a":0,"k":[0,0],"ix":1},"s":{"a":0,"k":[100,100],"ix":3},"r":{"a":0,"k":0,"ix":6},"o":{"a":0,"k":100,"ix":7},"sk":{"a":0,"k":0,"ix":4},"sa":{"a":0,"k":0,"ix":5},"nm":"Transform"}],"nm":"Group 1","np":2,"cix":2,"bm":0,"ix":1,"mn":"ADBE Vector Group","hd":false}],"ip":46,"op":150,"st":0,"bm":0},{"ddd":0,"ind":9,"ty":4,"nm":"21_ellipes_4","sr":1,"ks":{"o":{"a":0,"k":100,"ix":11},"r":{"a":0,"k":0,"ix":10},"p":{"a":1,"k":[{"i":{"x":0.667,"y":0.433},"o":{"x":0.333,"y":0},"t":0,"s":[297.285,102.715,0],"to":[4.613,4.613,0],"ti":[53.729,-53.729,0]},{"i":{"x":0.667,"y":0.644},"o":{"x":0.333,"y":0.313},"t":29,"s":[208.353,208.353,0],"to":[-53.729,53.729,0],"ti":[4.613,4.613,0]},{"i":{"x":0.667,"y":0.687},"o":{"x":0.333,"y":0.356},"t":45,"s":[102.715,297.285,0],"to":[-4.613,-4.613,0],"ti":[-53.729,53.729,0]},{"i":{"x":0.667,"y":1},"o":{"x":0.333,"y":0.567},"t":61,"s":[191.647,191.647,0],"to":[53.729,-53.729,0],"ti":[-4.613,-4.613,0]},{"t":90,"s":[297.285,102.715,0]}],"ix":2},"a":{"a":0,"k":[85.391,-54.032,0],"ix":1},"s":{"a":0,"k":[100,100,100],"ix":6}},"ao":0,"shapes":[{"ty":"gr","it":[{"ind":0,"ty":"sh","ix":1,"ks":{"a":0,"k":{"i":[[21.951,5.472],[8.871,-5.124],[2.797,-11.226],[-15.421,-8.905],[-3.805,-0.949],[-5.472,21.95],[0,0]],"o":[[-10.724,-2.674],[-9.284,5.363],[-4.524,18.143],[3.236,1.868],[21.953,5.472],[0,0],[5.472,-21.952]],"v":[[95.296,-93.781],[64.915,-89.498],[45.648,-63.941],[64.895,-18.566],[75.475,-14.286],[125.134,-44.121],[125.133,-44.121]],"c":true},"ix":2},"nm":"Path 1","mn":"ADBE Vector Shape - Group","hd":false},{"ty":"gf","o":{"a":0,"k":100,"ix":10},"r":1,"bm":0,"g":{"p":3,"k":{"a":0,"k":[0,0.946,0.4972,0.154,0.5,0.2104,0.8496,0.7431,1,0,0.7569,0.6353],"ix":9}},"s":{"a":0,"k":[51.5,-19],"ix":5},"e":{"a":0,"k":[159,-133],"ix":6},"t":1,"nm":"Gradient Fill 1","mn":"ADBE Vector Graphic - G-Fill","hd":false},{"ty":"tr","p":{"a":0,"k":[0,0],"ix":2},"a":{"a":0,"k":[0,0],"ix":1},"s":{"a":0,"k":[100,100],"ix":3},"r":{"a":0,"k":0,"ix":6},"o":{"a":0,"k":100,"ix":7},"sk":{"a":0,"k":0,"ix":4},"sa":{"a":0,"k":0,"ix":5},"nm":"Transform"}],"nm":"Group 1","np":2,"cix":2,"bm":0,"ix":1,"mn":"ADBE Vector Group","hd":false}],"ip":0,"op":46,"st":0,"bm":0},{"ddd":0,"ind":10,"ty":4,"nm":"matt_stock","td":1,"sr":1,"ks":{"o":{"a":0,"k":100,"ix":11},"r":{"a":0,"k":0,"ix":10},"p":{"a":0,"k":[200,200,0],"ix":2},"a":{"a":0,"k":[0,0,0],"ix":1},"s":{"a":0,"k":[100,100,100],"ix":6}},"ao":0,"shapes":[{"ty":"gr","it":[{"ind":0,"ty":"sh","ix":1,"ks":{"a":0,"k":{"i":[[44.155,11.008],[17.844,-10.308],[5.626,-22.58],[-31.02,-17.912],[-7.655,-1.909],[-11.008,44.153],[0,0]],"o":[[-21.571,-5.379],[-18.674,10.787],[-9.101,36.493],[6.508,3.758],[44.158,11.008],[0,0],[11.008,-44.155]],"v":[[19.926,-79.954],[-41.187,-71.34],[-79.941,-19.931],[-41.227,71.339],[-19.944,79.949],[79.943,19.936],[79.941,19.936]],"c":true},"ix":2},"nm":"Path 1","mn":"ADBE Vector Shape - Group","hd":false},{"ty":"gf","o":{"a":0,"k":100,"ix":10},"r":1,"bm":0,"g":{"p":3,"k":{"a":0,"k":[0,0.9703,0.902,0.8497,0.577,0.9424,0.8717,0.8176,1,0.9202,0.852,0.7998],"ix":9}},"s":{"a":0,"k":[-81.954,0.353],"ix":5},"e":{"a":0,"k":[82.861,0.353],"ix":6},"t":1,"nm":"Gradient Fill 1","mn":"ADBE Vector Graphic - G-Fill","hd":false},{"ty":"tr","p":{"a":0,"k":[0,0],"ix":2},"a":{"a":0,"k":[0,0],"ix":1},"s":{"a":0,"k":[100,100],"ix":3},"r":{"a":0,"k":0,"ix":6},"o":{"a":0,"k":100,"ix":7},"sk":{"a":0,"k":0,"ix":4},"sa":{"a":0,"k":0,"ix":5},"nm":"Transform"}],"nm":"Group 1","np":2,"cix":2,"bm":0,"ix":1,"mn":"ADBE Vector Group","hd":false}],"ip":0,"op":46,"st":0,"bm":0},{"ddd":0,"ind":11,"ty":4,"nm":"stock_1","tt":1,"sr":1,"ks":{"o":{"a":0,"k":30,"ix":11},"r":{"a":0,"k":0,"ix":10},"p":{"a":0,"k":[-223.512,200,0],"ix":2},"a":{"a":0,"k":[0,0,0],"ix":1},"s":{"a":0,"k":[100,100,100],"ix":6}},"ao":0,"shapes":[{"ty":"gr","it":[{"ind":0,"ty":"sh","ix":1,"ks":{"a":0,"k":{"i":[[44.155,11.008],[17.844,-10.308],[5.626,-22.58],[-31.02,-17.912],[-7.655,-1.909],[-11.008,44.153],[0,0]],"o":[[-21.571,-5.379],[-18.674,10.787],[-9.101,36.493],[6.508,3.758],[44.158,11.008],[0,0],[11.008,-44.155]],"v":[[443.438,-79.954],[382.326,-71.34],[343.571,-19.931],[382.285,71.339],[403.568,79.949],[503.456,19.936],[503.453,19.936]],"c":true},"ix":2},"nm":"Path 1","mn":"ADBE Vector Shape - Group","hd":false},{"ty":"st","c":{"a":0,"k":[0.9145,0.8414,0.7855,1],"ix":3},"o":{"a":0,"k":100,"ix":4},"w":{"a":0,"k":6,"ix":5},"lc":1,"lj":1,"ml":10,"bm":0,"nm":"Stroke 1","mn":"ADBE Vector Graphic - Stroke","hd":false},{"ty":"tr","p":{"a":0,"k":[0,0],"ix":2},"a":{"a":0,"k":[0,0],"ix":1},"s":{"a":0,"k":[100,100],"ix":3},"r":{"a":0,"k":0,"ix":6},"o":{"a":0,"k":100,"ix":7},"sk":{"a":0,"k":0,"ix":4},"sa":{"a":0,"k":0,"ix":5},"nm":"Transform"}],"nm":"Group 1","np":2,"cix":2,"bm":0,"ix":1,"mn":"ADBE Vector Group","hd":false}],"ip":0,"op":46,"st":0,"bm":0},{"ddd":0,"ind":12,"ty":4,"nm":"glass_1","sr":1,"ks":{"o":{"a":0,"k":40,"ix":11},"r":{"a":0,"k":0,"ix":10},"p":{"a":0,"k":[200,200,0],"ix":2},"a":{"a":0,"k":[0,0,0],"ix":1},"s":{"a":0,"k":[100,100,100],"ix":6}},"ao":0,"shapes":[{"ty":"gr","it":[{"ind":0,"ty":"sh","ix":1,"ks":{"a":0,"k":{"i":[[44.155,11.008],[17.844,-10.308],[5.626,-22.58],[-31.02,-17.912],[-7.655,-1.909],[-11.008,44.153],[0,0]],"o":[[-21.571,-5.379],[-18.674,10.787],[-9.101,36.493],[6.508,3.758],[44.158,11.008],[0,0],[11.008,-44.155]],"v":[[19.926,-79.954],[-41.187,-71.34],[-79.941,-19.931],[-41.227,71.339],[-19.944,79.949],[79.943,19.936],[79.941,19.936]],"c":true},"ix":2},"nm":"Path 1","mn":"ADBE Vector Shape - Group","hd":false},{"ty":"gf","o":{"a":0,"k":100,"ix":10},"r":1,"bm":0,"g":{"p":3,"k":{"a":0,"k":[0,0.9703,0.902,0.8497,0.577,0.9424,0.8717,0.8176,1,0.9202,0.852,0.7998],"ix":9}},"s":{"a":0,"k":[-81.954,0.353],"ix":5},"e":{"a":0,"k":[82.861,0.353],"ix":6},"t":1,"nm":"Gradient Fill 1","mn":"ADBE Vector Graphic - G-Fill","hd":false},{"ty":"tr","p":{"a":0,"k":[0,0],"ix":2},"a":{"a":0,"k":[0,0],"ix":1},"s":{"a":0,"k":[100,100],"ix":3},"r":{"a":0,"k":0,"ix":6},"o":{"a":0,"k":100,"ix":7},"sk":{"a":0,"k":0,"ix":4},"sa":{"a":0,"k":0,"ix":5},"nm":"Transform"}],"nm":"Group 1","np":2,"cix":2,"bm":0,"ix":1,"mn":"ADBE Vector Group","hd":false}],"ip":0,"op":46,"st":0,"bm":0},{"ddd":0,"ind":13,"ty":4,"nm":"matte","td":1,"sr":1,"ks":{"o":{"a":0,"k":100,"ix":11},"r":{"a":0,"k":0,"ix":10},"p":{"a":0,"k":[200,200,0],"ix":2},"a":{"a":0,"k":[0,0,0],"ix":1},"s":{"a":0,"k":[100,100,100],"ix":6}},"ao":0,"shapes":[{"ty":"gr","it":[{"ind":0,"ty":"sh","ix":1,"ks":{"a":0,"k":{"i":[[44.155,11.008],[17.844,-10.308],[5.626,-22.58],[-31.02,-17.912],[-7.655,-1.909],[-11.008,44.153],[0,0]],"o":[[-21.571,-5.379],[-18.674,10.787],[-9.101,36.493],[6.508,3.758],[44.158,11.008],[0,0],[11.008,-44.155]],"v":[[19.926,-79.954],[-41.187,-71.34],[-79.941,-19.931],[-41.227,71.339],[-19.944,79.949],[79.943,19.936],[79.941,19.936]],"c":true},"ix":2},"nm":"Path 1","mn":"ADBE Vector Shape - Group","hd":false},{"ty":"gf","o":{"a":0,"k":100,"ix":10},"r":1,"bm":0,"g":{"p":3,"k":{"a":0,"k":[0,0.9703,0.902,0.8497,0.577,0.9424,0.8717,0.8176,1,0.9202,0.852,0.7998],"ix":9}},"s":{"a":0,"k":[-81.954,0.353],"ix":5},"e":{"a":0,"k":[82.861,0.353],"ix":6},"t":1,"nm":"Gradient Fill 1","mn":"ADBE Vector Graphic - G-Fill","hd":false},{"ty":"tr","p":{"a":0,"k":[0,0],"ix":2},"a":{"a":0,"k":[0,0],"ix":1},"s":{"a":0,"k":[100,100],"ix":3},"r":{"a":0,"k":0,"ix":6},"o":{"a":0,"k":100,"ix":7},"sk":{"a":0,"k":0,"ix":4},"sa":{"a":0,"k":0,"ix":5},"nm":"Transform"}],"nm":"Group 1","np":2,"cix":2,"bm":0,"ix":1,"mn":"ADBE Vector Group","hd":false}],"ip":0,"op":46,"st":0,"bm":0},{"ddd":0,"ind":14,"ty":4,"nm":"glow_4","tt":1,"sr":1,"ks":{"o":{"a":0,"k":100,"ix":11},"r":{"a":0,"k":0,"ix":10},"p":{"a":1,"k":[{"i":{"x":0.667,"y":0.433},"o":{"x":0.333,"y":0},"t":0,"s":[102.715,297.285,0],"to":[-4.613,-4.613,0],"ti":[-53.729,53.729,0]},{"i":{"x":0.667,"y":0.644},"o":{"x":0.333,"y":0.313},"t":29,"s":[191.647,191.647,0],"to":[53.729,-53.729,0],"ti":[-4.613,-4.613,0]},{"i":{"x":0.667,"y":0.687},"o":{"x":0.333,"y":0.356},"t":45,"s":[297.285,102.715,0],"to":[4.613,4.613,0],"ti":[53.729,-53.729,0]},{"i":{"x":0.667,"y":1},"o":{"x":0.333,"y":0.567},"t":61,"s":[208.353,208.353,0],"to":[-53.729,53.729,0],"ti":[4.613,4.613,0]},{"t":90,"s":[102.715,297.285,0]}],"ix":2},"a":{"a":0,"k":[-74.952,53.316,0],"ix":1},"s":{"a":0,"k":[100,100,100],"ix":6}},"ao":0,"ef":[{"ty":29,"nm":"Gaussian Blur","np":5,"mn":"ADBE Gaussian Blur 2","ix":1,"en":1,"ef":[{"ty":0,"nm":"Blurriness","mn":"ADBE Gaussian Blur 2-0001","ix":1,"v":{"a":0,"k":21.3,"ix":1}},{"ty":7,"nm":"Blur Dimensions","mn":"ADBE Gaussian Blur 2-0002","ix":2,"v":{"a":0,"k":1,"ix":2}},{"ty":7,"nm":"Repeat Edge Pixels","mn":"ADBE Gaussian Blur 2-0003","ix":3,"v":{"a":0,"k":0,"ix":3}}]}],"shapes":[{"ty":"gr","it":[{"ind":0,"ty":"sh","ix":1,"ks":{"a":0,"k":{"i":[[21.951,5.472],[8.871,-5.124],[2.797,-11.226],[-15.421,-8.905],[-3.805,-0.949],[-5.472,21.95],[0,0]],"o":[[-10.724,-2.674],[-9.284,5.363],[-4.524,18.143],[3.236,1.868],[21.953,5.472],[0,0],[5.472,-21.952]],"v":[[-65.046,13.568],[-95.428,17.85],[-114.694,43.408],[-95.448,88.782],[-84.867,93.062],[-35.208,63.227],[-35.21,63.227]],"c":true},"ix":2},"nm":"Path 1","mn":"ADBE Vector Shape - Group","hd":false},{"ty":"gf","o":{"a":0,"k":100,"ix":10},"r":1,"bm":0,"g":{"p":3,"k":{"a":0,"k":[0,1,0.5569,0.2275,0.5,0.9966,0.6151,0.3234,1,0.997,0.6604,0.403],"ix":9}},"s":{"a":0,"k":[-116,94.5],"ix":5},"e":{"a":0,"k":[-34.5,13],"ix":6},"t":1,"nm":"Gradient Fill 1","mn":"ADBE Vector Graphic - G-Fill","hd":false},{"ty":"tr","p":{"a":0,"k":[0,0],"ix":2},"a":{"a":0,"k":[0,0],"ix":1},"s":{"a":0,"k":[100,100],"ix":3},"r":{"a":0,"k":0,"ix":6},"o":{"a":0,"k":100,"ix":7},"sk":{"a":0,"k":0,"ix":4},"sa":{"a":0,"k":0,"ix":5},"nm":"Transform"}],"nm":"Group 1","np":2,"cix":2,"bm":0,"ix":1,"mn":"ADBE Vector Group","hd":false}],"ip":0,"op":46,"st":0,"bm":0},{"ddd":0,"ind":15,"ty":4,"nm":"5ymatte_67","td":1,"sr":1,"ks":{"o":{"a":0,"k":100,"ix":11},"r":{"a":0,"k":0,"ix":10},"p":{"a":0,"k":[200,200,0],"ix":2},"a":{"a":0,"k":[0,0,0],"ix":1},"s":{"a":0,"k":[100,100,100],"ix":6}},"ao":0,"shapes":[{"ty":"gr","it":[{"ind":0,"ty":"sh","ix":1,"ks":{"a":0,"k":{"i":[[44.155,11.008],[17.844,-10.308],[5.626,-22.58],[-31.02,-17.912],[-7.655,-1.909],[-11.008,44.153],[0,0]],"o":[[-21.571,-5.379],[-18.674,10.787],[-9.101,36.493],[6.508,3.758],[44.158,11.008],[0,0],[11.008,-44.155]],"v":[[19.926,-79.954],[-41.187,-71.34],[-79.941,-19.931],[-41.227,71.339],[-19.944,79.949],[79.943,19.936],[79.941,19.936]],"c":true},"ix":2},"nm":"Path 1","mn":"ADBE Vector Shape - Group","hd":false},{"ty":"gf","o":{"a":0,"k":100,"ix":10},"r":1,"bm":0,"g":{"p":3,"k":{"a":0,"k":[0,0.9703,0.902,0.8497,0.577,0.9424,0.8717,0.8176,1,0.9202,0.852,0.7998],"ix":9}},"s":{"a":0,"k":[-81.954,0.353],"ix":5},"e":{"a":0,"k":[82.861,0.353],"ix":6},"t":1,"nm":"Gradient Fill 1","mn":"ADBE Vector Graphic - G-Fill","hd":false},{"ty":"tr","p":{"a":0,"k":[0,0],"ix":2},"a":{"a":0,"k":[0,0],"ix":1},"s":{"a":0,"k":[100,100],"ix":3},"r":{"a":0,"k":0,"ix":6},"o":{"a":0,"k":100,"ix":7},"sk":{"a":0,"k":0,"ix":4},"sa":{"a":0,"k":0,"ix":5},"nm":"Transform"}],"nm":"Group 1","np":2,"cix":2,"bm":0,"ix":1,"mn":"ADBE Vector Group","hd":false}],"ip":0,"op":46,"st":0,"bm":0},{"ddd":0,"ind":16,"ty":4,"nm":"1_ellipesghkjh","tt":2,"sr":1,"ks":{"o":{"a":0,"k":100,"ix":11},"r":{"a":0,"k":0,"ix":10},"p":{"a":1,"k":[{"i":{"x":0.667,"y":0.433},"o":{"x":0.333,"y":0},"t":0,"s":[102.715,297.285,0],"to":[-4.613,-4.613,0],"ti":[-53.729,53.729,0]},{"i":{"x":0.667,"y":0.644},"o":{"x":0.333,"y":0.313},"t":29,"s":[191.647,191.647,0],"to":[53.729,-53.729,0],"ti":[-4.613,-4.613,0]},{"i":{"x":0.667,"y":0.687},"o":{"x":0.333,"y":0.356},"t":45,"s":[297.285,102.715,0],"to":[4.613,4.613,0],"ti":[53.729,-53.729,0]},{"i":{"x":0.667,"y":1},"o":{"x":0.333,"y":0.567},"t":61,"s":[208.353,208.353,0],"to":[-53.729,53.729,0],"ti":[4.613,4.613,0]},{"t":90,"s":[102.715,297.285,0]}],"ix":2},"a":{"a":0,"k":[-74.952,53.316,0],"ix":1},"s":{"a":0,"k":[100,100,100],"ix":6}},"ao":0,"shapes":[{"ty":"gr","it":[{"ind":0,"ty":"sh","ix":1,"ks":{"a":0,"k":{"i":[[21.951,5.472],[8.871,-5.124],[2.797,-11.226],[-15.421,-8.905],[-3.805,-0.949],[-5.472,21.95],[0,0]],"o":[[-10.724,-2.674],[-9.284,5.363],[-4.524,18.143],[3.236,1.868],[21.953,5.472],[0,0],[5.472,-21.952]],"v":[[-65.046,13.568],[-95.428,17.85],[-114.694,43.408],[-95.448,88.782],[-84.867,93.062],[-35.208,63.227],[-35.21,63.227]],"c":true},"ix":2},"nm":"Path 1","mn":"ADBE Vector Shape - Group","hd":false},{"ty":"gf","o":{"a":0,"k":100,"ix":10},"r":1,"bm":0,"g":{"p":3,"k":{"a":0,"k":[0,1,0.5569,0.2275,0.5,0.9966,0.6151,0.3234,1,0.997,0.6604,0.403],"ix":9}},"s":{"a":0,"k":[-116,94.5],"ix":5},"e":{"a":0,"k":[-34.5,13],"ix":6},"t":1,"nm":"Gradient Fill 1","mn":"ADBE Vector Graphic - G-Fill","hd":false},{"ty":"tr","p":{"a":0,"k":[0,0],"ix":2},"a":{"a":0,"k":[0,0],"ix":1},"s":{"a":0,"k":[100,100],"ix":3},"r":{"a":0,"k":0,"ix":6},"o":{"a":0,"k":100,"ix":7},"sk":{"a":0,"k":0,"ix":4},"sa":{"a":0,"k":0,"ix":5},"nm":"Transform"}],"nm":"Group 1","np":2,"cix":2,"bm":0,"ix":1,"mn":"ADBE Vector Group","hd":false}],"ip":0,"op":46,"st":0,"bm":0}],"markers":[]}